1;22516
2;111148
3;5067
4;86416
5;16088
6;15213
7;7052
8;19255
9;33009
10;46930
11;51469
12;131026
13;41724
14;20504
15;35445
16;37098
17;548952
18;18165
19;3843
20;55748
21;5942
22;104517
23;23147
24;32184
25;13807
26;13268
27;22258
28;41043
29;8125
30;6307
31;14391
32;28068
33;2923
34;11755
35;27131
36;7130
37;10819
38;9461
39;10691
40;16158
41;6822
42;6319
43;2127
44;2697
45;4962
46;21088
47;11846
48;4160
49;10348
50;11081
51;11545
52;6490
53;15721
54;7649
55;27123
56;10572
57;12280
58;89760
59;18979
60;34986
61;8628
62;19643
63;9701
64;19727
65;20147
66;12497
67;419452
68;19767
69;6893
70;23446
71;47168
72;43730
73;19866
74;19141
75;16396
76;11934
77;14292
78;21937
79;22739
80;20868
81;41005
82;27772
83;32919
84;44873
85;20503
86;20040
87;34958
88;42328
89;13482
90;15981
91;28719
92;38820
93;31459
94;86713
95;29691
96;36121
97;20748
98;16409
99;17193
100;57195
101;31172
102;49718
103;104046
104;7777
105;9312
106;1755
107;15495
108;13462
109;47685
110;99613
111;33981
112;2255903
113;57405
114;18298
115;66159
116;21710
117;38665
118;20395
119;26443
120;116439
121;19616
122;38095
123;34856
124;26566
125;20889
126;47031
127;40837
128;14678
129;9289
130;68502
131;16876
132;59250
133;19038
134;13839
135;16007
136;24098
137;13561
138;15249
139;436591
140;12701
141;19257
142;22635
143;10595
144;12637
145;18482
146;11772
147;20108
148;31387
149;8492
150;8232
151;11014
152;160439
153;7536
154;55744
155;39910
156;27797
157;57390
158;34044
159;117320
160;30091
161;540410
162;29312
163;46937
164;32200
165;16421
166;31967
167;49454
168;3239
169;129333
170;1506420
171;17944
172;64780
173;17254
174;16769
175;130122
176;14883
177;7357
178;68597
179;104280
180;29717
181;35307
182;24355
183;140814
184;39103
185;69828
186;54545
187;205667
188;24175
189;12175
190;48115
191;34236
192;14044
193;17764
194;35530
195;14776
196;41093
197;61206
198;34069
199;6949
200;20742
201;26155
202;41678
203;34127
204;39234
205;63367
206;12009
207;67170
208;32639
209;101541
210;53439
211;6952
212;60517
213;59961
214;29623
215;30389
216;8598
217;287664
218;29559
219;28563
220;135812
221;32347
222;28121
223;31917
224;84251
225;16282
226;58289
227;41454
228;21519
229;17027
230;15646
231;25769
232;78488
233;52473
234;33182
235;74921
236;18079
237;33831
238;49110
239;7575
240;115838
241;218787
242;5339
243;8084
244;12976
245;32325
246;32007
247;63831
248;42456
249;29827
250;10889
251;13794
252;86326
253;18208
254;53242
255;52473
256;41164
257;24392
258;21811
259;10496
260;72856
261;19839
262;22244
263;25127
264;75995
265;308339
266;6796
267;32346
268;18207
269;25945
270;32285
271;135732
272;15978
273;24566
274;6294
275;23440
276;14105
277;60268
278;27302
279;6088
280;11305
281;25752
282;111554
283;11971
284;19063
285;64604
286;31549
287;19344
288;40661
289;116605
290;62286
291;45395
292;54650
293;62093
294;15421
295;45416
296;5577
297;9265
298;17625
299;11493
300;6217
301;8151
302;5730
303;52302
304;522357
305;22468
306;28534
307;22927
308;5370
309;124808
310;18217
311;16572
312;2609
313;7049
314;5303
315;6905
316;8381
317;9435
318;3475
319;4901
320;5705
321;7223
322;8418
323;186245
324;5856
325;36573
326;6590
327;10502
328;18870
329;3809
330;9817
331;10668
332;3631
333;4673
334;5669
335;4439
336;5120
337;2221
338;5540
339;11644
340;2293
341;10505
342;4499
343;2627
344;4165
345;5514
346;2966
347;1415
348;3330
349;36271
350;4870
351;4070
352;5690
353;7268
354;1749
355;6250
356;22704
357;6986
358;7173
359;4686
360;11280
361;3824
362;5222
363;8892
364;18358
365;2615
366;5136
367;13169
368;26403
369;88428
370;2088
371;7471
372;5801
373;3814
374;2412
375;3906
376;2174
377;13989
378;4470
379;3199
380;1984
381;3727
382;3200
383;5332
384;2773
385;3470
386;17628
387;13551
388;8182
389;2311
390;6830
391;3623
392;9256
393;3772
394;12014
395;4348
396;4450
397;2332
398;2768
399;1124
400;6234
401;7694
402;52521
403;10426
404;4885
405;13964
406;11996
407;5546
408;8078
409;4414
410;3038
411;7830
412;4586
413;8192
414;3200
415;53618
416;8563
417;3668
418;2746
419;4389
420;4723
421;2211
422;2879
423;6498
424;4876
425;3371
426;7678
427;3537
428;2407
429;4864
430;2928
431;2530
432;5457
433;1610
434;12445
435;3106
436;4898
437;3848
438;5452
439;8965
440;2007
441;16966
442;2183
443;2831
444;313349
445;7688
446;22820
447;1952
448;2785
449;11783
450;11500
451;113783
452;6631
453;12731
454;22126
455;26979
456;8250
457;28066
458;31967
459;11233
460;7047
461;42017
462;27170
463;16054
464;17582
465;15675
466;47095
467;32825
468;30014
469;12234
470;105094
471;17446
472;18726
473;5696
474;96951
475;19026
476;88895
477;63891
478;7586
479;11347
480;5643
481;21317
482;6102
483;8494
484;42010
485;35095
486;16578
487;36900
488;8841
489;28916
490;23993
491;73595
492;15503
493;9524
494;11255
495;19521
496;14530
497;20376
498;22236
499;10937
500;24151
501;24095
502;166159
503;10711
504;8806
505;13876
506;22056
507;80705
508;14855
509;123368
510;49804
511;41443
512;16559
513;65788
514;32559
515;12923
516;23393
517;11451
518;16971
519;43097
520;8506
521;10559
522;19425
523;12662
524;17812
525;12104
526;17953
527;10931
528;18740
529;14703
530;7878
531;10121
532;25502
533;6261
534;70692
535;11966
536;29143
537;27423
538;14470
539;11453
540;259980
541;16158
542;69233
543;26134
544;10464
545;17123
546;23677
547;16228
548;4334
549;50959
550;10900
551;16369
552;11280
553;8841
554;11534
555;7653
556;11943
557;12271
558;7016
559;20228
560;21773
561;7757
562;16754
563;17122
564;23591
565;34099
566;17316
567;8502
568;21045
569;29121
570;15059
571;33888
572;9064
573;19708
574;14826
575;5469
576;4682
577;21228
578;19616
579;14968
580;125265
581;19840
582;21571
583;35108
584;19253
585;19693
586;16295
587;21092
588;39153
589;25560
590;38987
591;14371
592;23530
593;33186
594;84160
595;21274
596;18814
597;17321
598;24294
599;5936
600;48264
601;12939
602;7124
603;19217
604;11328
605;15545
606;31586
607;20288
608;7859
609;43243
610;5686
611;7878
612;42829
613;89927
614;73105
615;25487
616;25884
617;38732
618;13704
619;16219
620;14516
621;18769
622;45989
623;28825
624;7448
625;34391
626;4540
627;12082
628;12226
629;20736
630;15768
631;11207
632;18746
633;26063
634;180345
635;7639
636;1115932
637;18600
638;41750
639;12779
640;4700
641;19090
642;5028
643;6856
644;22452
645;14274
646;11285
647;13981
648;10343
649;18237
650;10631
651;5692
652;8642
653;29241
654;171317
655;22223
656;5868
657;42242
658;35811
659;26112
660;59927
661;33791
662;57813
663;52852
664;13800
665;32956
666;31520
667;52190
668;7119
669;5123
670;17525
671;7678
672;4921
673;14371
674;40681
675;5469
676;17609
677;6779
678;9994
679;3175
680;5819
681;2551
682;4713
683;7879
684;11361
685;11751
686;3953
687;47298
688;3356
689;7022
690;26951
691;4044
692;3607
693;10479
694;5512
695;6214
696;6848
697;4509
698;25584
699;5670
700;5700
701;6443
702;8364
703;3824
704;19832
705;8282
706;10671
707;3586
708;7704
709;5786
710;5628
711;5093
712;5987
713;7342
714;46950
715;3938
716;21326
717;11471
718;4127
719;11009
720;5910
721;5102
722;19716
723;5477
724;27901
725;4908
726;6180
727;4044
728;6545
729;7665
730;4811
731;4688
732;26771
733;8350
734;10464
735;11461
736;4982
737;4475
738;5390
739;13862
740;7046
741;6940
742;4352
743;9574
744;14550
745;4943
746;39953
747;5330
748;4461
749;2561
750;60111
751;5345
752;4300
753;3216
754;9423
755;11690
756;5477
757;10698
758;10496
759;4573
760;3880
761;9487
762;15330
763;9863
764;8582
765;11571
766;11037
767;5718
768;19233
769;4522
770;4885
771;4443
772;3003
773;14396
774;5488
775;39457
776;5491
777;5653
778;4790
779;2870
780;8610
781;4658
782;6795
783;4086
784;5219
785;5272
786;30558
787;25521
788;8372
789;5352
790;8590
791;4546
792;6456
793;10979
794;33901
795;1239
796;6603
797;10563
798;7785
799;10618
800;4527
801;6825
802;9258
803;7307
804;8632
805;4911
806;8751
807;6548
808;3014
809;37138
810;2477
811;6879
812;4124
813;3416
814;5029
815;14633
816;3931
817;10846
818;153863
819;4331
820;6420
821;4084
822;20583
823;3662
824;38812
825;2551
826;4392
827;78627
828;12150
829;18492
830;28952
831;63829
832;12646
833;2728
834;3149
835;9041
836;8814
837;17979
838;4306
839;4499
840;7408
841;6434
842;6254
843;4046
844;6256
845;5903
846;4650
847;5254
848;6466
849;2172
850;3809
851;4454
852;2923
853;5801
854;6417
855;3071
856;5044
857;4619
858;6084
859;6106
860;4856
861;8085
862;20720
863;5361
864;3737
865;6696
866;6379
867;4581
868;2648
869;2456
870;3037
871;17617
872;14356
873;35035
874;3434
875;4311
876;10074
877;14664
878;12778
879;4557
880;6801
881;2939
882;2781
883;871126
884;44649
885;21746
886;20940
887;4930
888;4382
889;3082
890;2935
891;4479
892;11965
893;15140
894;63556
895;54687
896;17584
897;11846
898;7712
899;16077
900;44195
901;7402
902;14742
903;81581
904;75392
905;26600
906;10983
907;21707
908;11759
909;7848
910;23537
911;24567
912;6318
913;18313
914;61662
915;22715
916;22834
917;15069
918;36127
919;54315
920;32851
921;54680
922;50195
923;64147
924;27513
925;77484
926;17830
927;23011
928;18470
929;27008
930;18700
931;17763
932;72706
933;21041
934;10410
935;368918
936;25612
937;13112
938;13608
939;20286
940;23340
941;75241
942;133913
943;18201
944;25121
945;9698
946;7254
947;55035
948;19330
949;24680
950;2703391
951;16776
952;14195
953;7767
954;14415
955;55170
956;4784
957;11219
958;26508
959;40921
960;5073
961;20126
962;69688
963;13385
964;25165
965;12730
966;20183
967;68303
968;103633
969;26196
970;11597
971;12507
972;42148
973;38064
974;14351
975;24450
976;7904
977;38661
978;53448
979;131687
980;20653
981;42595
982;22018
983;18133
984;11580
985;34592
986;33960
987;27187
988;8150
989;20351
990;278264
991;24949
992;31476
993;60232
994;20031
995;230986
996;131677
997;27822
998;11407
999;39341
1000;48370
1001;15309
1002;27413
1003;13129
1004;13965
1005;35566
1006;43917
1007;17264
1008;61590
1009;8833
1010;22830
1011;14561
1012;11056
1013;15798
1014;32487
1015;28737
1016;25958
1017;21342
1018;74145
1019;85647
1020;12313
1021;6565
1022;9458
1023;13553
1024;35526
1025;33232
1026;31391
1027;12276
1028;43359
1029;9207
1030;38045
1031;16356
1032;20964
1033;17210
1034;11052
1035;12358
1036;14920
1037;11165
1038;6455
1039;21246
1040;88899
1041;16116
1042;82455
1043;22432
1044;29238
1045;18279
1046;79550
1047;15757
1048;16714
1049;32851
1050;17726
1051;43719
1052;48354
1053;49306
1054;7557
1055;13086
1056;25418
1057;7758
1058;212437
1059;18389
1060;32079
1061;26199
1062;8555
1063;59259
1064;19551
1065;77111
1066;56653
1067;16588
1068;35295
1069;7740
1070;19976
1071;22223
1072;13988
1073;18520
1074;41078
1075;61916
1076;11106
1077;58743
1078;11024
1079;3293
1080;13529
1081;4685
1082;14923
1083;11695
1084;7162
1085;35904
1086;28156
1087;14526
1088;9686
1089;9373
1090;29112
1091;3989
1092;5552
1093;2171
1094;10323
1095;12873
1096;6572
1097;3745
1098;68726
1099;11363
1100;34814
1101;20588
1102;8297
1103;10972
1104;74268
1105;11182
1106;5501
1107;4918
1108;7968
1109;45022
1110;7068
1111;272490
1112;5697
1113;6064
1114;10463
1115;29282
1116;6009
1117;3081
1118;9772
1119;2801
1120;4015
1121;2903
1122;27004
1123;13115
1124;10541
1125;16261
1126;14033
1127;15759
1128;2264
1129;7641
1130;5916
1131;9341
1132;6907
1133;5228
1134;10367
1135;4935
1136;2600
1137;15044
1138;12397
1139;35360
1140;2653
1141;5941
1142;18335
1143;3945
1144;6851
1145;7624
1146;2732
1147;15880
1148;8348
1149;11410
1150;4768
1151;4053
1152;10175
1153;82828
1154;32260
1155;4102
1156;8325
1157;8790
1158;12714
1159;4665
1160;11166
1161;22698
1162;2063
1163;303792
1164;896708
1165;28266
1166;37554
1167;4231
1168;4813
1169;4298
1170;3732
1171;5307
1172;21611
1173;10961
1174;13667
1175;3114
1176;12861
1177;5689
1178;30802
1179;3163
1180;2419
1181;6591
1182;14881
1183;15411
1184;3900
1185;15646
1186;7944
1187;6605
1188;10646
1189;9825
1190;5158
1191;3214
1192;3648
1193;4194
1194;8310
1195;4457
1196;4173
1197;3584
1198;40295
1199;11808
1200;2699
1201;24422
1202;2687
1203;4541
1204;3606
1205;4281
1206;104919
1207;6221
1208;44566
1209;12901
1210;4696
1211;23789
1212;10441
1213;17858
1214;5889
1215;8183
1216;11051
1217;6476
1218;6167
1219;4527
1220;5739
1221;12225
1222;8105
1223;6128
1224;4832
1225;1743
1226;5600
1227;2606
1228;12314
1229;16008
1230;10923
1231;6085
1232;14694
1233;2427
1234;33716
1235;3195
1236;10485
1237;14937
1238;5529
1239;4232
1240;12789
1241;1731
1242;3217
1243;10375
1244;5622
1245;28384
1246;20992
1247;14629
1248;5527
1249;2588
1250;19865
1251;18020
1252;2264
1253;8482
1254;16857
1255;13613
1256;20610
1257;22493
1258;2105
1259;7054
1260;19081
1261;4067
1262;9197
1263;21220
1264;5033
1265;8338
1266;15607
1267;6095
1268;97519
1269;17733
1270;7356
1271;3571
1272;5248
1273;7218
1274;2588
1275;4937
1276;12126
1277;17934
1278;6092
1279;5311
1280;14287
1281;6479
1282;22079
1283;5710
1284;69773
1285;10364
1286;3708
1287;17169
1288;7225
1289;7182
1290;62576
1291;3217
1292;6077
1293;6048
1294;413830
1295;6715
1296;4206
1297;2714
1298;7530
1299;4938
1300;30819
1301;4898
1302;19030
1303;6662
1304;25341
1305;4787
1306;15438
1307;1948
1308;17599
1309;7866
1310;20331
1311;6748
1312;6360
1313;5209
1314;2508
1315;5409
1316;8332
1317;3850
1318;6506
1319;10375
1320;3569
1321;3556
1322;33386
1323;11180
1324;2989
1325;8292
1326;59389
1327;14125
1328;3477
1329;5877
1330;11877
1331;18184
1332;24363
1333;24960
1334;18978
1335;11069
1336;14467
1337;7751
1338;825796
1339;8014
1340;18422
1341;7238
1342;10830
1343;9831
1344;4640
1345;7754
1346;27728
1347;2698
1348;7274
1349;4406
1350;13344
1351;3988
1352;5745
1353;45385
1354;10988
1355;8746
1356;21895
1357;6689
1358;14077
1359;8642
1360;4528
1361;2944
1362;6690
1363;13238
1364;5806
1365;4867
1366;33638
1367;9962
1368;10449
1369;7271
1370;10614
1371;5892
1372;5011
1373;6399
1374;3989
1375;3052
1376;1747
1377;2453
1378;108766
1379;12411
1380;3802
1381;7954
1382;28607
1383;16147
1384;18737
1385;12036
1386;6518
1387;4937
1388;10590
1389;19478
1390;18848
1391;3877
1392;4366
1393;32803
1394;4265
1395;23749
1396;13801
1397;44388
1398;2009
1399;19973
1400;6139
1401;3650
1402;4562
1403;4571
1404;1999
1405;8555
1406;24258
1407;3975
1408;12123
1409;6526
1410;6579
1411;5853
1412;3591
1413;15470
1414;5098
1415;6942
1416;2640
1417;138093
1418;4550
1419;2496
1420;34650
1421;4602
1422;2645
1423;3119
1424;3377
1425;4170
1426;4408
1427;7622
1428;6394
1429;4631
1430;6037
1431;20406
1432;3898
1433;3619
1434;1821
1435;4153
1436;3607
1437;7682
1438;7450
1439;11793
1440;3534
1441;52977
1442;10919
1443;13807
1444;3114
1445;2921
1446;7001
1447;6037
1448;5152
1449;7845
1450;26051
1451;15211
1452;3631
1453;69997
1454;17096
1455;11024
1456;15505
1457;14791
1458;15333
1459;3103
1460;9473
1461;15356
1462;9914
1463;2870
1464;5395
1465;2269
1466;100698
1467;37546
1468;19981
1469;25240
1470;37386
1471;43923
1472;14798
1473;38408
1474;22996
1475;22910
1476;11301
1477;20936
1478;85301
1479;75295
1480;14632
1481;42866
1482;12169
1483;20730
1484;76930
1485;12811
1486;60960
1487;38605
1488;48975
1489;40038
1490;38101
1491;8981
1492;7489
1493;51696
1494;13224
1495;59448
1496;210796
1497;34778
1498;20618
1499;29065
1500;10983
1501;5744
1502;159945
1503;19032
1504;8592
1505;24743
1506;20048
1507;19666
1508;13117
1509;85131
1510;369343
1511;14395
1512;43778
1513;11972
1514;13641
1515;21929
1516;26755
1517;18327
1518;12543
1519;9494
1520;24237
1521;37633
1522;19246
1523;69701
1524;31709
1525;22360
1526;3140
1527;12216
1528;22612
1529;33488
1530;15633
1531;31578
1532;141347
1533;30847
1534;80345
1535;7586
1536;85309
1537;19284
1538;29585
1539;7773
1540;119690
1541;12265
1542;24034
1543;4537
1544;99101
1545;31515
1546;5013
1547;26268
1548;27076
1549;36495
1550;13492
1551;27144
1552;17056
1553;711330
1554;11632
1555;17305
1556;14904
1557;33570
1558;15999
1559;11545
1560;15007
1561;15483
1562;18429
1563;21490
1564;13300
1565;16345
1566;26090
1567;40883
1568;56149
1569;25565
1570;16549
1571;22110
1572;11098
1573;15548
1574;63792
1575;32673
1576;393734
1577;23985
1578;15309
1579;70466
1580;63745
1581;7509
1582;26438
1583;11608
1584;22198
1585;28856
1586;57346
1587;336919
1588;22716
1589;68067
1590;37246
1591;359372
1592;11308
1593;27204
1594;15231
1595;26309
1596;6796
1597;1661017
1598;20744
1599;47813
1600;23719
1601;9600
1602;11214
1603;61561
1604;15880
1605;27308
1606;15713
1607;12708
1608;111812
1609;14645
1610;42266
1611;14308
1612;11914
1613;16239
1614;60567
1615;37488
1616;23002
1617;21439
1618;21868
1619;34082
1620;34210
1621;114910
1622;18150
1623;87467
1624;19226
1625;36189
1626;46845
1627;11269
1628;6034
1629;66192
1630;28860
1631;12843
1632;26439
1633;23852
1634;29472
1635;7227
1636;10314
1637;52587
1638;47088
1639;13856
1640;31103
1641;15232
1642;27793
1643;8266
1644;18835
1645;9572
1646;7526
1647;21172
1648;32897
1649;140389
1650;14789
1651;20263
1652;17507
1653;234309
1654;47540
1655;16201
1656;8434
1657;18440
1658;4226
1659;6717
1660;27429
1661;10426
1662;10920
1663;21397
1664;6972
1665;57997
1666;9576
1667;17715
1668;16907
1669;9568
1670;7311
1671;10594
1672;21935
1673;5882
1674;57647
1675;24396
1676;52501
1677;11059
1678;18304
1679;22192
1680;4803
1681;12823
1682;41549
1683;15637
1684;25596
1685;24670
1686;18398
1687;5185
1688;6992
1689;8444
1690;5751
1691;11495
1692;24167
1693;4119
1694;24716
1695;17692
1696;28904
1697;1031597
1698;19923
1699;33351
1700;8850
1701;52848
1702;13123
1703;3474
1704;25200
1705;24627
1706;18201
1707;5315
1708;7171
1709;28428
1710;12837
1711;21690
1712;9507
1713;5133
1714;11681
1715;11573
1716;5061
1717;73452
1718;24307
1719;10546
1720;13484
1721;15270
1722;7556
1723;64005
1724;17868
1725;35310
1726;2903
1727;25324
1728;14447
1729;27331
1730;7618
1731;20158
1732;11202
1733;75662
1734;6634
1735;7344
1736;47910
1737;10637
1738;6977
1739;24064
1740;32462
1741;34825
1742;62328
1743;8073
1744;34424
1745;14042
1746;13893
1747;6115
1748;20162
1749;44570
1750;27934
1751;65963
1752;25655
1753;2386
1754;21796
1755;672614
1756;9840
1757;18825
1758;31439
1759;26980
1760;8396
1761;18325
1762;4003
1763;30894
1764;34808
1765;22393
1766;17232
1767;5929
1768;18181
1769;4008
1770;5290
1771;69919
1772;5617
1773;15688
1774;11599
1775;3421
1776;5831
1777;8522
1778;18337
1779;96839
1780;42399
1781;4869
1782;35054
1783;19067
1784;13422
1785;106015
1786;30327
1787;7002
1788;3715
1789;12689
1790;17328
1791;11361
1792;15315
1793;7653
1794;18688
1795;8822
1796;37715
1797;26957
1798;6509
1799;187733
1800;14650
1801;3309
1802;9727
1803;6678
1804;9436
1805;35461
1806;24003
1807;28788
1808;29756
1809;19813
1810;10354
1811;18891
1812;11158
1813;20051
1814;14205
1815;7906
1816;3933
1817;12200
1818;92090
1819;11276
1820;3837
1821;3964
1822;40724
1823;9046
1824;3271
1825;52861
1826;13534
1827;25800
1828;8681
1829;20594
1830;15214
1831;17209
1832;17096
1833;10513
1834;4387
1835;153023
1836;22509
1837;5273
1838;37631
1839;24997
1840;16086
1841;21229
1842;13122
1843;14416
1844;13902
1845;11369
1846;19659
1847;11670
1848;11955
1849;17840
1850;7274
1851;12960
1852;12237
1853;54903
1854;11519
1855;10904
1856;8848
1857;11079
1858;13979
1859;20431
1860;13251
1861;54225
1862;20198
1863;30831
1864;13128
1865;5515
1866;158432
1867;15171
1868;16225
1869;5312
1870;23540
1871;17013
1872;15989
1873;12039
1874;18491
1875;70151
1876;9768
1877;14518
1878;16999
1879;21486
1880;10050
1881;14155
1882;10675
1883;10705
1884;67468
1885;18269
1886;21374
1887;6232
1888;19010
1889;33659
1890;23407
1891;8912
1892;14671
1893;51184
1894;18585
1895;18666
1896;13452
1897;32023
1898;309208
1899;35444
1900;28839
1901;71754
1902;9694
1903;26468
1904;30722
1905;8109
1906;87820
1907;14415
1908;24921
1909;34929
1910;16832
1911;11597
1912;31055
1913;8659
1914;22166
1915;9395
1916;29118
1917;73092
1918;26369
1919;3619
1920;55222
1921;9303
1922;17293
1923;11221
1924;32636
1925;17402
1926;16128
1927;18835
1928;22933
1929;17087
1930;67394
1931;33631
1932;26223
1933;17113
1934;4025
1935;22391
1936;8667
1937;14108
1938;15549
1939;32243
1940;13756
1941;5352
1942;21219
1943;13981
1944;63923
1945;35065
1946;10347
1947;83705
1948;12281
1949;4072
1950;8129
1951;15914
1952;42014
1953;37902
1954;61112
1955;115360
1956;17801
1957;5656
1958;624107
1959;16314
1960;5641
1961;10525
1962;26111
1963;32778
1964;4417
1965;11284
1966;15247
1967;6852
1968;20800
1969;6371
1970;85353
1971;20565
1972;12946
1973;23950
1974;8849
1975;21083
1976;19990
1977;16262
1978;18421
1979;14989
1980;4047
1981;23433
1982;8740
1983;14476
1984;16463
1985;17048
1986;27076
1987;6232
1988;15661
1989;12963
1990;27006
1991;157639
1992;40720
1993;14229
1994;45969
1995;59281
1996;9954
1997;7295
1998;7874
1999;25728
2000;29305
2001;74050
2002;30901
2003;64795
2004;214123
2005;29051
2006;16164
2007;12140
2008;14331
2009;6784
2010;14650
2011;6515
2012;20309
2013;64423
2014;7971
2015;22474
2016;6433
2017;19231
2018;22440
2019;8300
2020;10173
2021;77408
2022;36173
2023;10284
2024;8375
2025;19937
2026;14588
2027;12482
2028;36140
2029;20394
2030;19095
2031;28870
2032;11038
2033;8176
2034;14855
2035;80749
2036;54913
2037;33915
2038;19162
2039;10742
2040;156277
2041;40832
2042;14576
2043;10470
2044;25606
2045;219544
2046;8856
2047;15241
2048;5706
2049;5777
2050;3663
2051;15870
2052;24214
2053;3993
2054;3735
2055;8591
2056;8078
2057;27323
2058;204669
2059;11586
2060;12357
2061;46372
2062;92671
2063;11318
2064;19056
2065;50481
2066;7752
2067;21754
2068;2386
2069;10294
2070;18535
2071;16875
2072;8326
2073;12944
2074;13822
2075;19973
2076;44902
2077;20664
2078;10357
2079;13619
2080;47643
2081;12359
2082;22741
2083;25771
2084;10838
2085;18603
2086;8264
2087;49145
2088;8476
2089;35466
2090;12063
2091;8725
2092;42729
2093;10469
2094;27153
2095;7464
2096;11479
2097;29420
2098;22340
2099;28661
2100;14156
2101;13197
2102;16482
2103;7830
2104;6518
2105;8328
2106;9126
2107;27047
2108;44170
2109;12653
2110;15445
2111;28373
2112;21797
2113;8575
2114;17567
2115;21840
2116;9123
2117;21777
2118;32274
2119;29124
2120;9550
2121;119213
2122;13535
2123;7438
2124;16698
2125;16854
2126;35295
2127;16308
2128;20048
2129;10353
2130;10050
2131;10253
2132;25162
2133;9415
2134;26581
2135;46885
2136;40401
2137;14729
2138;152529
2139;6623
2140;28214
2141;15180
2142;12028
2143;28272
2144;25428
2145;27672
2146;8939
2147;22643
2148;41324
2149;14588
2150;22330
2151;33498
2152;35757
2153;14631
2154;54097
2155;4896
2156;12878
2157;15521
2158;11672
2159;41209
2160;9548
2161;30900
2162;16047
2163;2900319
2164;20971
2165;13917
2166;28058
2167;6241
2168;10583
2169;37704
2170;12308
2171;39707
2172;26792
2173;8987
2174;28613
2175;10520
2176;60190
2177;103204
2178;53666
2179;34764
2180;9085
2181;14784
2182;15543
2183;21083
2184;40664
2185;18785
2186;38315
2187;5562
2188;10546
2189;11733
2190;44554
2191;17421
2192;17330
2193;12163
2194;12971
2195;44370
2196;11586
2197;79813
2198;31362
2199;41279
2200;17261
2201;14531
2202;81693
2203;13490
2204;137117
2205;13104
2206;9431
2207;23274
2208;17118
2209;12515
2210;20383
2211;17518
2212;7936
2213;21421
2214;16939
2215;164290
2216;7296
2217;22590
2218;15097
2219;13018
2220;15996
2221;50903
2222;23991
2223;19860
2224;18647
2225;27481
2226;13894
2227;19573
2228;18108
2229;16672
2230;20312
2231;19330
2232;97873
2233;29111
2234;14135
2235;9247
2236;12556
2237;8734
2238;44185
2239;6105
2240;343643
2241;9342
2242;12125
2243;20862
2244;46562
2245;7022
2246;23263
2247;13434
2248;3995
2249;9270
2250;13319
2251;1986
2252;4557
2253;19285
2254;13656
2255;25116
2256;5949
2257;2657
2258;3015
2259;35438
2260;80973
2261;7052
2262;42380
2263;7448
2264;20059
2265;14566
2266;5938
2267;10723
2268;3783
2269;15135
2270;3605
2271;4643
2272;41704
2273;9470
2274;12189
2275;8594
2276;11471
2277;9233
2278;1577
2279;2360
2280;2056
2281;36715
2282;118361
2283;2779
2284;8467
2285;6992
2286;2836
2287;9523
2288;108403
2289;10990
2290;40658
2291;15288
2292;2681
2293;5305
2294;17850
2295;14358
2296;12496
2297;4833
2298;19249
2299;7780
2300;23964
2301;4738
2302;5808
2303;33232
2304;5311
2305;139061
2306;4905
2307;20981
2308;10269
2309;3422
2310;2530701
2311;27277
2312;7723
2313;11813
2314;4609
2315;4792
2316;450024
2317;3282
2318;14612
2319;2482
2320;40308
2321;5088
2322;50521
2323;51436
2324;6444
2325;4270
2326;6182
2327;14792
2328;10527
2329;17612
2330;6852
2331;5397
2332;11502
2333;19809
2334;14927
2335;6259
2336;16950
2337;32460
2338;4255
2339;4737
2340;14364
2341;41208
2342;10982
2343;10342
2344;3984
2345;25179
2346;28184
2347;7025
2348;14074
2349;3580
2350;11609
2351;2720
2352;11869
2353;45364
2354;5584
2355;3961
2356;14600
2357;2839
2358;21831
2359;30068
2360;12810
2361;3739
2362;16855
2363;21052
2364;19759
2365;3830
2366;54338
2367;11648
2368;8383
2369;15661
2370;28908
2371;4533
2372;12251
2373;5585
2374;14890
2375;4575
2376;5464
2377;4616
2378;38321
2379;6860
2380;9896
2381;16294
2382;5559
2383;15388
2384;8693
2385;9318
2386;23872
2387;3150
2388;25831
2389;33022
2390;93124
2391;9423
2392;6826
2393;18516
2394;2660
2395;12193
2396;11546
2397;15031
2398;22900
2399;30339
2400;21310
2401;19756
2402;10103
2403;4052
2404;3614
2405;4445
2406;2251
2407;3108
2408;17741
2409;3939
2410;75942
2411;5465
2412;3665
2413;6206
2414;4944
2415;21566
2416;1150
2417;7059
2418;10343
2419;3216
2420;5695
2421;15334
2422;14217
2423;2657
2424;6811
2425;4873
2426;7478
2427;29093
2428;7631
2429;8810
2430;3128
2431;6624
2432;10351
2433;2814
2434;28782
2435;4581
2436;17438
2437;5558
2438;13729
2439;11852
2440;7730
2441;6867
2442;12209
2443;55836
2444;5047
2445;6997
2446;130584
2447;22975
2448;1786
2449;673849
2450;9099
2451;26620
2452;8903
2453;3546
2454;23607
2455;9897
2456;27958
2457;110709
2458;9209
2459;3095
2460;3448
2461;3168
2462;3685
2463;6425
2464;2688
2465;4436
2466;6814
2467;13060
2468;5992
2469;5161
2470;10211
2471;5072
2472;3651
2473;15529
2474;5026
2475;7867
2476;81085
2477;5431
2478;8007
2479;7146
2480;10994
2481;5044
2482;7266
2483;2867
2484;47924
2485;3779
2486;7493
2487;3430
2488;20020
2489;4969
2490;7655
2491;242505
2492;6946
2493;6039
2494;11396
2495;3635
2496;5025
2497;4436
2498;5227
2499;2992
2500;6664
2501;10291
2502;5139
2503;13373
2504;4202
2505;1539
2506;1915
2507;7898
2508;28556
2509;11268
2510;7240
2511;5383
2512;15458
2513;19019
2514;72512
2515;25287
2516;31603
2517;4728
2518;11416
2519;2308
2520;3483
2521;8057
2522;11383
2523;3932
2524;37649
2525;2374
2526;3202
2527;4656
2528;3178
2529;7548
2530;15528
2531;3500
2532;9576
2533;11100
2534;7602
2535;67956
2536;9810
2537;4460
2538;2986
2539;10311
2540;5268
2541;26459
2542;5287
2543;5858
2544;9716
2545;3496
2546;18866
2547;4542
2548;5232
2549;60508
2550;4434
2551;6764
2552;5084
2553;3177
2554;3402
2555;4014
2556;4360
2557;6184
2558;11811
2559;282164
2560;15943
2561;1386
2562;34818
2563;14269
2564;10307
2565;5005
2566;19014
2567;8926
2568;3755
2569;6558
2570;52234
2571;7026
2572;8168
2573;8296
2574;5516
2575;6623
2576;11085
2577;4999
2578;25511
2579;8478
2580;5340
2581;14128
2582;184030
2583;3497
2584;3003
2585;12200
2586;44561
2587;11146
2588;7901
2589;6667
2590;12511
2591;6976
2592;7387
2593;7328
2594;7009
2595;2785
2596;24020
2597;6352
2598;7605
2599;18926
2600;20133
2601;267333
2602;4229
2603;10156
2604;7067
2605;121717
2606;11637
2607;52996
2608;5447
2609;18175
2610;13510
2611;12910
2612;97782
2613;35130
2614;4395
2615;23207
2616;2032
2617;10122
2618;15844
2619;15511
2620;12259
2621;20997
2622;15511
2623;21760
2624;9976
2625;11354
2626;16286
2627;94455
2628;5321
2629;15053
2630;6074
2631;105818
2632;5978
2633;40101
2634;3749
2635;20683
2636;12320
2637;7695
2638;26538
2639;3151
2640;39850
2641;5453
2642;72374
2643;67958
2644;4418
2645;7991
2646;4795
2647;7781
2648;12246
2649;7407
2650;5203
2651;25555
2652;4774
2653;15476
2654;4382
2655;80903
2656;47990
2657;4757
2658;10872
2659;4474
2660;5104
2661;4911
2662;5739
2663;27823
2664;577532
2665;4359
2666;10795
2667;5706
2668;18272
2669;7588
2670;53236
2671;4062
2672;13115
2673;18168
2674;9681
2675;66744
2676;19914
2677;20995
2678;3366
2679;6856
2680;6494
2681;105756
2682;3222
2683;4923
2684;52690
2685;4994
2686;16749
2687;7640
2688;9766
2689;6249
2690;6735
2691;5431
2692;18297
2693;7112
2694;42682
2695;5119
2696;18556
2697;6565
2698;18051
2699;92074
2700;22894
2701;27651
2702;8113
2703;12985
2704;14019
2705;61830
2706;4079
2707;15814
2708;3000
2709;4030
2710;2701
2711;13497
2712;8640
2713;8700
2714;4415
2715;31631
2716;14626
2717;11360
2718;19098
2719;12367
2720;38469
2721;3733
2722;3861
2723;20701
2724;6446
2725;10775
2726;5489
2727;31509
2728;3891
2729;13651
2730;10818
2731;15205
2732;4939
2733;4948
2734;7589
2735;2184
2736;8764
2737;14621
2738;21349
2739;20544
2740;13139
2741;48049
2742;4939
2743;21504
2744;417478
2745;24247
2746;8379
2747;8955
2748;2413
2749;3126
2750;5960
2751;109997
2752;26945
2753;20522
2754;3221
2755;40583
2756;7104
2757;3306
2758;4727
2759;8710
2760;26882
2761;10355
2762;3067
2763;17524
2764;97378
2765;3548
2766;16046
2767;7493
2768;16937
2769;108241
2770;31339
2771;10800
2772;5348
2773;1694
2774;6243
2775;2829
2776;41987
2777;2128
2778;3155
2779;4671
2780;8138
2781;40220
2782;33938
2783;74824
2784;5895
2785;6466
2786;20346
2787;4440
2788;8308
2789;6098
2790;1517
2791;6606
2792;5196
2793;15922
2794;94539
2795;95616
2796;21693
2797;21353
2798;24854
2799;1619
2800;16439
2801;8031
2802;2024
2803;115970
2804;6031
2805;154641
2806;92116
2807;5744
2808;9597
2809;4794
2810;8390
2811;17534
2812;24333
2813;7157
2814;2960
2815;3977
2816;2559
2817;11098
2818;12313
2819;3651
2820;65149
2821;1804
2822;3340
2823;4457
2824;11994
2825;16469
2826;21577
2827;6738
2828;4261
2829;2719
2830;8832
2831;4141
2832;4436
2833;5034
2834;8715
2835;5029
2836;7540
2837;6386
2838;6491
2839;17641
2840;5504
2841;8683
2842;10791
2843;56845
2844;10732
2845;28433
2846;35137
2847;12445
2848;16900
2849;169838
2850;8288
2851;32248
2852;60003
2853;4305
2854;12235
2855;37823
2856;11414
2857;16675
2858;154293
2859;5862
2860;9128
2861;28173
2862;8530
2863;3658
2864;5315
2865;3572
2866;3000
2867;19680
2868;8286
2869;10931
2870;3603
2871;1948
2872;16501
2873;23663
2874;10522
2875;7247
2876;11578
2877;17396
2878;4826
2879;8132
2880;9471
2881;341415
2882;4061
2883;10524
2884;13384
2885;2630
2886;5117
2887;5332
2888;5924
2889;8964
2890;12356
2891;31171
2892;14325
2893;18007
2894;5493
2895;12635
2896;4521
2897;2335
2898;8333
2899;3507
2900;4648
2901;5609
2902;10269
2903;137877
2904;15364
2905;26556
2906;41864
2907;7014
2908;31873
2909;8212
2910;3212
2911;4385
2912;8723
2913;4074
2914;4693
2915;4354
2916;3806
2917;6406
2918;14497
2919;221705
2920;16393
2921;10867
2922;5203
2923;14607
2924;7047
2925;3909
2926;7538
2927;3985
2928;2494
2929;4847
2930;8660
2931;36048
2932;4334
2933;3753
2934;8900
2935;4843
2936;7322
2937;3380
2938;5426
2939;44226
2940;3364
2941;19997
2942;18697
2943;3602
2944;3861
2945;3763
2946;11570
2947;28603
2948;7316
2949;1756
2950;3044
2951;46357
2952;5411
2953;3770
2954;5672
2955;17296
2956;3354
2957;56625
2958;6512
2959;6309
2960;4758
2961;12751
2962;3860
2963;4104
2964;8527
2965;12776
2966;11114
2967;25670
2968;36084
2969;7541
2970;4949
2971;2743
2972;25033
2973;13232
2974;90897
2975;11785
2976;5975
2977;7393
2978;4476
2979;23797
2980;15761
2981;26530
2982;32696
2983;7532
2984;24490
2985;4291
2986;5151
2987;4222
2988;3851
2989;5356
2990;6409
2991;2821
2992;46539
2993;6949
2994;4563
2995;7634
2996;5160
2997;12713
2998;7100
2999;5598
3000;3039
3001;6697
3002;9884
3003;6948
3004;71915
3005;1478
3006;2259
3007;10979
3008;6980
3009;7151
3010;7876
3011;7045
3012;6421
3013;34050
3014;12493
3015;2579
3016;5365
3017;2001
3018;7902
3019;1422
3020;4056
3021;5786
3022;3516
3023;10474
3024;7340
3025;1857
3026;4292
3027;771
3028;8725
3029;11750
3030;7667
3031;4836
3032;1949
3033;20915
3034;243950
3035;2267
3036;6258
3037;2621
3038;19834
3039;5476
3040;6226
3041;3669
3042;34653
3043;3093
3044;4890
3045;1869
3046;4120
3047;14280
3048;11680
3049;141269
3050;91268
3051;8160
3052;6369
3053;16769
3054;4117
3055;6336
3056;7683
3057;80561
3058;33062
3059;57127
3060;6797
3061;25466
3062;20280
3063;5099
3064;117995
3065;12661
3066;12514
3067;340277
3068;706597
3069;2582
3070;85461
3071;4265
3072;3256
3073;10333
3074;17470
3075;6460
3076;2143
3077;5045
3078;137608
3079;7235
3080;40101
3081;19290
3082;20692
3083;9527
3084;5733
3085;4090
3086;4852
3087;131849
3088;79910
3089;3570
3090;3157
3091;13729
3092;8652
3093;10459
3094;5303
3095;43351
3096;5270
3097;2543
3098;30326
3099;9621
3100;10801
3101;29869
3102;14670
3103;7911
3104;30285
3105;7542
3106;104942
3107;12270
3108;31263
3109;45301
3110;15146
3111;9988
3112;12450
3113;212172
3114;386495
3115;37956
3116;124283
3117;31479
3118;12887
3119;4236
3120;34120
3121;6793
3122;22748
3123;22379
3124;13047
3125;31372
3126;128504
3127;26762
3128;12701
3129;8830
3130;14083
3131;13672
3132;13982
3133;34957
3134;10433
3135;29417
3136;31589
3137;12336
3138;16774
3139;10919
3140;179755
3141;15653
3142;39259
3143;17141
3144;13091
3145;26079
3146;18954
3147;5468
3148;17176
3149;15602
3150;50751
3151;23426
3152;26575
3153;27601
3154;22388
3155;8016
3156;11741
3157;19398
3158;11630
3159;12171
3160;41588
3161;23853
3162;8735
3163;39085
3164;10536
3165;134629
3166;12602
3167;536765
3168;31278
3169;21778
3170;26204
3171;80735
3172;9280
3173;14065
3174;508655
3175;369534
3176;210171
3177;12036
3178;136109
3179;12763
3180;35060
3181;30827
3182;101139
3183;185237
3184;515239
3185;27779
3186;37306
3187;234077
3188;59652
3189;15521
3190;16859
3191;8590
3192;514643
3193;20163
3194;12818
3195;19161
3196;45864
3197;23561
3198;22152
3199;11563
3200;929449
3201;14138
3202;62225
3203;29344
3204;244416
3205;136547
3206;15387
3207;23211
3208;104354
3209;32312
3210;106296
3211;7298
3212;266136
3213;5646
3214;247741
3215;45941
3216;167668
3217;18681
3218;177016
3219;25622
3220;27134
3221;15305
3222;162893
3223;516981
3224;191664
3225;825388
3226;53093
3227;44741
3228;44175
3229;27942
3230;307144
3231;25563
3232;29802
3233;19068
3234;20254
3235;14562
3236;152311
3237;25535
3238;133244
3239;60930
3240;18677
3241;9401
3242;159529
3243;6775561
3244;10380
3245;42705
3246;42214
3247;38749
3248;1098357
3249;36731
3250;473385
3251;7240
3252;22032
3253;107556
3254;9416
3255;18270
3256;91938
3257;83841
3258;21775
3259;15709
3260;34898
3261;185820
3262;10653
3263;82468
3264;77202
3265;11208
3266;37262
3267;274925
3268;35153
3269;3545
3270;36981
3271;8262
3272;18908
3273;6142
3274;3588
3275;37582
3276;6231
3277;4201
3278;4211
3279;16221
3280;4078
3281;18903
3282;3616
3283;25078
3284;5320
3285;3251
3286;244370
3287;41545
3288;5993
3289;73145
3290;5115
3291;57245
3292;25724
3293;6911
3294;4172
3295;36211
3296;4122
3297;24081
3298;23343
3299;199210
3300;35389
3301;5689
3302;6373
3303;2452
3304;240542
3305;136739
3306;1755
3307;8665
3308;3906
3309;11186
3310;9851
3311;56247
3312;92453
3313;1815
3314;105768
3315;145378
3316;15316
3317;5467
3318;14063
3319;91792
3320;18013
3321;6127
3322;9209
3323;11039
3324;3525
3325;7532
3326;35844
3327;36125
3328;5794
3329;7606
3330;123546
3331;33537
3332;279704
3333;20952
3334;63438
3335;381706
3336;77612
3337;3028
3338;11168
3339;66154
3340;8197
3341;126094
3342;33265
3343;15111
3344;12571
3345;12107
3346;63310
3347;26506
3348;4013
3349;839
3350;4913
3351;16278
3352;2713
3353;149718
3354;172346
3355;5795
3356;2911
3357;25605
3358;24862
3359;20050
3360;17414
3361;4547
3362;4222
3363;51130
3364;95752
3365;33827
3366;19031
3367;17917
3368;4195
3369;104044
3370;6017
3371;79034
3372;28441
3373;10649
3374;26613
3375;6088
3376;1223237
3377;86407
3378;52713
3379;5028
3380;12542
3381;5268
3382;31410
3383;2805
3384;5365
3385;47098
3386;21257
3387;56973
3388;125194
3389;405375
3390;12371
3391;30655
3392;2488
3393;21521
3394;123114
3395;7905
3396;9452
3397;20391
3398;50631
3399;18595
3400;17539
3401;8894
3402;18601
3403;6223
3404;28491
3405;18138
3406;25116
3407;6197
3408;4591
3409;4072
3410;74662
3411;7289
3412;257882
3413;35858
3414;8803
3415;2021
3416;82895
3417;132521
3418;21373
3419;34097
3420;429550
3421;1805
3422;11027
3423;9088
3424;27704
3425;2108
3426;8883
3427;47287
3428;12421
3429;10174
3430;6026
3431;15592
3432;18095
3433;3742
3434;2446
3435;279264
3436;70402
3437;3238
3438;21712
3439;44607
3440;4926
3441;8420
3442;2774
3443;9280
3444;16102
3445;69680
3446;5805
3447;1739
3448;198661
3449;1397
3450;2884
3451;14936
3452;2631
3453;358539
3454;179372
3455;158438
3456;2776
3457;6419
3458;44429
3459;4911
3460;4841
3461;10855
3462;11485
3463;4842
3464;12416
3465;5806
3466;41283
3467;22087
3468;16896
3469;21394
3470;8258
3471;11382
3472;1996
3473;6685
3474;33257
3475;30465
3476;123192
3477;19244
3478;40857
3479;324977
3480;1404694
3481;7760
3482;5346
3483;9649
3484;15605
3485;237570
3486;12002
3487;6269
3488;9786
3489;35830
3490;12639
3491;7926
3492;61150
3493;80062
3494;8363
3495;8228
3496;24821
3497;30791
3498;9631
3499;31117
3500;36194
3501;11552
3502;26886
3503;260690
3504;4873
3505;3876
3506;4045
3507;15165
3508;38771
3509;7824
3510;5557
3511;4180
3512;16794
3513;24982
3514;8101
3515;8356
3516;17405
3517;27632
3518;15331
3519;3937
3520;104351
3521;3332
3522;179574
3523;167106
3524;95241
3525;244131
3526;75683
3527;4294
3528;43536
3529;15197
3530;14297
3531;4994
3532;379082
3533;50778
3534;17754
3535;124254
3536;21139
3537;18610
3538;6587
3539;7862
3540;177150
3541;64330
3542;42259
3543;6963
3544;78029
3545;237119
3546;7322
3547;17911
3548;59921
3549;49291
3550;6828
3551;127734
3552;45544
3553;31173
3554;153463
3555;3143
3556;13453
3557;4577
3558;37707
3559;4824
3560;3467
3561;426935
3562;20978
3563;18627
3564;31844
3565;4882
3566;29047
3567;12581
3568;7361
3569;105273
3570;69533
3571;310783
3572;8201
3573;78978
3574;89532
3575;2311
3576;51007
3577;22022
3578;2412
3579;15628
3580;5918
3581;4608
3582;2623
3583;17263
3584;8174
3585;3686
3586;3086
3587;47723
3588;103645
3589;9972
3590;6039
3591;14069
3592;3097
3593;4098
3594;242249
3595;2101
3596;26791
3597;84069
3598;481725
3599;5638
3600;3813
3601;1903
3602;22480
3603;13023
3604;19511
3605;3125
3606;29844
3607;18415
3608;60768
3609;4966
3610;69072
3611;455587
3612;154146
3613;94098
3614;3523
3615;2274
3616;58567
3617;8181
3618;51039
3619;25651
3620;18928
3621;4166
3622;4739
3623;61707
3624;33598
3625;13936
3626;4831
3627;4525
3628;3215
3629;4950
3630;6624
3631;18866
3632;8917
3633;11575
3634;5381
3635;7161
3636;9962
3637;1824
3638;1290
3639;11519
3640;21871
3641;2333
3642;4135
3643;6057
3644;4217
3645;61716
3646;41765
3647;7522
3648;4294
3649;2447
3650;55477
3651;4462
3652;6569
3653;7318
3654;44682
3655;701428
3656;2603
3657;33118
3658;115139
3659;10712
3660;8676
3661;14326
3662;13285
3663;13691
3664;9173
3665;22322
3666;15944
3667;46180
3668;18302
3669;6536
3670;20588
3671;4112
3672;10934
3673;6579
3674;19797
3675;2177
3676;14941
3677;7540
3678;114508
3679;1835
3680;8973
3681;47523
3682;6127
3683;2468
3684;16876
3685;48992
3686;3109
3687;11507
3688;64098
3689;25685
3690;8875
3691;69697
3692;6093
3693;55731
3694;29612
3695;171885
3696;17378
3697;15564
3698;3706
3699;13495
3700;27617
3701;410275
3702;29930
3703;25939
3704;11524
3705;19453
3706;27974
3707;77330
3708;13890
3709;40430
3710;5370
3711;3606
3712;119221
3713;6166
3714;22326
3715;3385
3716;51717
3717;4719
3718;2576
3719;4136
3720;10205
3721;53698
3722;56848
3723;25603
3724;17668
3725;4327
3726;22239
3727;336454
3728;5371
3729;4067
3730;12943
3731;44572
3732;231953
3733;39648
3734;41211
3735;3902
3736;14309
3737;3513
3738;13788
3739;6736
3740;9126
3741;29743
3742;3827
3743;20523
3744;10047
3745;56463
3746;7762
3747;3320
3748;13376
3749;15984
3750;4786
3751;4537
3752;2222
3753;7686
3754;125238
3755;720116
3756;5364
3757;3651
3758;10824
3759;9940
3760;209548
3761;36233
3762;52009
3763;12856
3764;15929
3765;10888
3766;3195
3767;3191
3768;5638
3769;2427
3770;6481
3771;12103
3772;17363
3773;5372
3774;8498
3775;120779
3776;46285
3777;9396
3778;4405
3779;15639
3780;6036
3781;195278
3782;14925
3783;2111
3784;4584
3785;2166
3786;35102
3787;48207
3788;5577
3789;32796
3790;27850
3791;58529
3792;8889
3793;6298
3794;2947
3795;1448
3796;145073
3797;2476
3798;27641
3799;26960
3800;1558
3801;20855
3802;723889
3803;7024
3804;23742
3805;8541
3806;5926
3807;6843
3808;3159
3809;4856
3810;433991
3811;10907
3812;849874
3813;162763
3814;256915
3815;2813
3816;92315
3817;2555
3818;1942
3819;2095
3820;52737
3821;8991
3822;4141
3823;55298
3824;469173
3825;737310
3826;16127
3827;10693
3828;41287
3829;33071
3830;12396372
3831;36298
3832;7724
3833;93076
3834;91637
3835;12137
3836;15446
3837;370839
3838;10493
3839;3623
3840;3595
3841;15292
3842;46166
3843;29669
3844;128432
3845;12731
3846;17820
3847;6375
3848;41690
3849;695328
3850;7738
3851;289875
3852;303397
3853;4063
3854;12561
3855;16787
3856;297528
3857;6371
3858;14415
3859;6346
3860;5562
3861;23255
3862;26231
3863;7725
3864;12940
3865;2815
3866;57547
3867;23292
3868;5968
3869;7609
3870;15361
3871;124134
3872;320820
3873;4452
3874;23395
3875;9502
3876;42946
3877;2647
3878;2432
3879;10100
3880;1752
3881;48228
3882;5856
3883;7058
3884;65615
3885;15670
3886;2024
3887;1667
3888;6488
3889;92819
3890;4828
3891;10191
3892;1886
3893;9125
3894;1142
3895;13965
3896;13732
3897;133169
3898;27154
3899;10842
3900;43368
3901;54315
3902;124269
3903;10804
3904;81516
3905;19133
3906;9163
3907;1852
3908;124468
3909;96106
3910;2784
3911;12418
3912;11507
3913;7360
3914;5797
3915;9567
3916;121420
3917;1429
3918;22293
3919;14945
3920;9722
3921;11598
3922;6405
3923;19466
3924;2774
3925;19823
3926;2931
3927;18919
3928;7421
3929;137438
3930;126545
3931;28480
3932;2951
3933;14029
3934;148522
3935;2026
3936;14792
3937;33306
3938;26304
3939;3871
3940;13238
3941;31061
3942;11287
3943;10347
3944;2781
3945;3404
3946;15400
3947;16411
3948;3991
3949;2437
3950;6343
3951;7524
3952;13308
3953;3472
3954;7103
3955;3244
3956;6290
3957;5338
3958;2521
3959;2973
3960;18783
3961;3975
3962;8641
3963;25569
3964;108126
3965;7967
3966;13888
3967;3831
3968;44072
3969;3694
3970;8118
3971;135678
3972;30151
3973;96102
3974;14606
3975;16126
3976;13340
3977;19172
3978;15887
3979;24225
3980;14391
3981;336073
3982;72125
3983;10144
3984;10704
3985;17884
3986;11872
3987;19083
3988;84980
3989;12939
3990;16344
3991;249277
3992;24271
3993;8896
3994;3891
3995;19082
3996;17162
3997;47840
3998;7538
3999;20430
4000;3038
4001;4229
4002;20962
4003;4430
4004;18772
4005;2892
4006;1963726
4007;15289
4008;4975
4009;3409
4010;5279
4011;41424
4012;8988
4013;5987
4014;5906
4015;13962
4016;1633
4017;4651
4018;3980
4019;2995
4020;17379
4021;103750
4022;4734
4023;5561
4024;7625
4025;4883
4026;4583
4027;6926
4028;10360
4029;2709
4030;6345
4031;257971
4032;5942
4033;93308
4034;4466
4035;13661
4036;2850
4037;28734
4038;6997
4039;5379
4040;33497
4041;6635
4042;8881
4043;3767
4044;2239
4045;5557
4046;11969
4047;183755
4048;7554
4049;37974
4050;5030
4051;31854
4052;6387
4053;55688
4054;7671
4055;4475
4056;2251
4057;13449
4058;33306
4059;11117
4060;3122
4061;4472
4062;15327
4063;13642
4064;2216
4065;61439
4066;10029
4067;4426
4068;11588
4069;6516
4070;6110
4071;12220
4072;29493
4073;2700
4074;14049
4075;31886
4076;8294
4077;3299
4078;5332
4079;39268
4080;13861
4081;35192
4082;21281
4083;4948
4084;4929
4085;9573
4086;11067
4087;1309
4088;12687
4089;8251
4090;12108
4091;3248
4092;7244
4093;7069
4094;3996
4095;48651
4096;5719
4097;32167
4098;3896
4099;3155
4100;4488
4101;23393
4102;4850
4103;580870
4104;7217
4105;4695
4106;4969
4107;13697
4108;12900
4109;23373
4110;34628
4111;27750
4112;2442
4113;16572
4114;13517
4115;54031
4116;5593
4117;36103
4118;8793
4119;7093
4120;10327
4121;436472
4122;6655
4123;5562
4124;14407
4125;4283
4126;4676
4127;18266
4128;35705
4129;3142
4130;10994
4131;46940
4132;5617
4133;2180
4134;1786
4135;10706
4136;11966
4137;16485
4138;4034
4139;4009
4140;1560
4141;3424
4142;10131
4143;4827
4144;28062
4145;5014
4146;8120
4147;11462
4148;13188
4149;5846
4150;4304
4151;8311
4152;10540
4153;5252
4154;2836
4155;21783
4156;3423
4157;6036
4158;42251
4159;52503
4160;34109
4161;12755
4162;32389
4163;14211
4164;11685
4165;157378
4166;3277
4167;89454
4168;5755
4169;84779
4170;5942
4171;7418
4172;14017
4173;6194
4174;11406
4175;6232
4176;13015
4177;134788
4178;6323
4179;2742
4180;32722
4181;25779
4182;116852
4183;29686
4184;3298
4185;4281
4186;13385
4187;358838
4188;28529
4189;12587
4190;4899
4191;3133
4192;2554
4193;4057
4194;3806
4195;5035
4196;5395
4197;11138
4198;52776
4199;4420
4200;7504
4201;24253
4202;4043
4203;34707
4204;12257
4205;4444
4206;19388
4207;4500
4208;3760
4209;2602
4210;16976
4211;14991
4212;6772
4213;26933
4214;8127
4215;10622
4216;12869
4217;15433
4218;3162
4219;13240
4220;4121
4221;32635
4222;34645
4223;68165
4224;9447
4225;9664
4226;4595
4227;6954
4228;3389
4229;4862
4230;14957
4231;3208
4232;3253
4233;7705
4234;12330
4235;27036
4236;1568
4237;8484
4238;14924
4239;3795
4240;9210
4241;11523
4242;4052
4243;4916
4244;10055
4245;23927
4246;46503
4247;2611
4248;2032
4249;20354
4250;5422
4251;6961
4252;11088
4253;10122
4254;5819
4255;9897
4256;15359
4257;9005
4258;5535
4259;5532
4260;6115
4261;3601
4262;334620
4263;2165
4264;47137
4265;27696
4266;5745
4267;11109
4268;2265
4269;8865
4270;5778
4271;6708
4272;98888
4273;5578
4274;19441
4275;4460
4276;5149
4277;16456
4278;21476
4279;2880
4280;15277
4281;5196
4282;16480
4283;5452
4284;12761
4285;80588
4286;17304
4287;17054
4288;17562
4289;20688
4290;17295
4291;144601
4292;7699
4293;12036
4294;9269
4295;8502
4296;8105
4297;12977
4298;20809
4299;113416
4300;58298
4301;2623
4302;11233
4303;19358
4304;12267
4305;8389
4306;7094
4307;2630
4308;5525
4309;4051
4310;6879
4311;5584
4312;2534
4313;18015
4314;11160
4315;5570
4316;7160
4317;6544
4318;2341
4319;6646
4320;10136
4321;1915
4322;5477
4323;4686
4324;6783
4325;3223
4326;8712
4327;10951
4328;4268
4329;40890
4330;69493
4331;8843
4332;3547
4333;2228
4334;8021
4335;3179
4336;5687
4337;13782
4338;149227
4339;11271
4340;11537
4341;2618
4342;1625
4343;30539
4344;6386
4345;2712
4346;11896
4347;70471
4348;366418
4349;3501
4350;20889
4351;4801
4352;3104
4353;2136
4354;10153
4355;5396
4356;34294
4357;3794
4358;2318
4359;140597
4360;80017
4361;6112
4362;3325
4363;87179
4364;2467
4365;11985
4366;6889
4367;8312
4368;36861
4369;12553
4370;54558
4371;23218
4372;25477
4373;11106
4374;3462
4375;2709
4376;3013
4377;3025
4378;227587
4379;16956
4380;75683
4381;4585
4382;9900
4383;2560
4384;16300
4385;12315
4386;219393
4387;11150
4388;1972
4389;40037
4390;8136
4391;15592
4392;4224
4393;4164
4394;3232
4395;2059
4396;4423
4397;10630
4398;1575
4399;516524
4400;2481
4401;27621
4402;36723
4403;1918
4404;2711
4405;24070
4406;18816
4407;71925
4408;14739
4409;6621
4410;11652
4411;24922
4412;9964
4413;46757
4414;5196
4415;4692
4416;22820
4417;1952
4418;3154
4419;19238
4420;58055
4421;14531
4422;9764
4423;45711
4424;6284
4425;72346
4426;2979
4427;4367
4428;9093
4429;7643
4430;7647
4431;3901
4432;10575
4433;1887
4434;11354
4435;6091
4436;21889
4437;226617
4438;69323
4439;17139
4440;21766
4441;25619
4442;3899
4443;10337
4444;20547
4445;184579
4446;1520
4447;30684
4448;604708
4449;5019
4450;2083
4451;2248
4452;157158
4453;46424
4454;1408
4455;7154
4456;15380
4457;12122
4458;2960
4459;4530
4460;12497
4461;13347
4462;5683
4463;1757
4464;56825
4465;3465
4466;8209
4467;7461
4468;26463
4469;1703
4470;17330
4471;2442
4472;6989
4473;2257
4474;4227
4475;12034
4476;9945
4477;8263
4478;18095
4479;2884
4480;85734
4481;5163
4482;4327
4483;15010
4484;15515
4485;2366
4486;23161
4487;19201
4488;7251
4489;2197
4490;1444
4491;2352
4492;178679
4493;7321
4494;2673
4495;16144
4496;19521
4497;3284
4498;9269
4499;4072
4500;7642
4501;3931
4502;34022
4503;2733
4504;10225
4505;5873
4506;24385
4507;21103
4508;3635
4509;3637
4510;2907
4511;34561
4512;4619
4513;3426
4514;11674
4515;22466
4516;35685
4517;17965
4518;7305
4519;1526
4520;17973
4521;2279
4522;2950
4523;9773
4524;2897
4525;6199
4526;5864
4527;7552
4528;11937
4529;72931
4530;4630
4531;42684
4532;2484
4533;4525
4534;11647
4535;4584
4536;7674
4537;3727
4538;4792
4539;13128
4540;17004
4541;2178
4542;2151
4543;8397
4544;8760
4545;2317
4546;1211
4547;23907
4548;2239
4549;86317
4550;2791
4551;11456
4552;5646
4553;9422
4554;54751
4555;6423
4556;39719
4557;3784
4558;7332
4559;27322
4560;253705
4561;13811
4562;8054
4563;24501
4564;13886
4565;3162
4566;1794
4567;41246
4568;6046
4569;9874
4570;22605
4571;17610
4572;3249
4573;14176
4574;31084
4575;2386
4576;18576
4577;8648
4578;1606
4579;39889
4580;5338
4581;45703
4582;8003
4583;19455
4584;4002
4585;7104
4586;8138
4587;7506
4588;107143
4589;4507
4590;13080
4591;2364
4592;11311
4593;2453
4594;21419
4595;3569
4596;2387
4597;4411
4598;6321
4599;54145
4600;4907
4601;4032
4602;52290
4603;3873
4604;29254
4605;3432
4606;13129
4607;4981
4608;3738
4609;16344
4610;6951
4611;5710
4612;72493
4613;3287
4614;1935
4615;5885
4616;1590
4617;3043
4618;212352
4619;7136
4620;7396
4621;1351
4622;5941
4623;13041
4624;3544
4625;5840
4626;6145
4627;21121
4628;10483
4629;2966
4630;14201
4631;13452
4632;18185
4633;10422
4634;6545
4635;3517
4636;121518
4637;14645
4638;6232
4639;6616
4640;7550
4641;5237
4642;3266
4643;4238
4644;13618
4645;1621
4646;2563
4647;11167
4648;1924
4649;123090
4650;2087
4651;6712
4652;2466
4653;2628
4654;2773
4655;11270
4656;14446
4657;1858
4658;12448
4659;7691
4660;6135
4661;2099
4662;3271
4663;5132
4664;20963
4665;33476
4666;12291
4667;81552
4668;132144
4669;5083
4670;4802
4671;4659
4672;66686
4673;2750
4674;6383
4675;3402
4676;5325
4677;5422
4678;69981
4679;4273
4680;3272
4681;31475
4682;6106
4683;9707
4684;45957
4685;56370
4686;349728
4687;1693
4688;1628
4689;55009
4690;3745
4691;25462
4692;4793
4693;12183
4694;2770
4695;62413
4696;8426
4697;30630
4698;1327
4699;9070
4700;3228
4701;8631
4702;523716
4703;2865
4704;6005
4705;4720
4706;2281
4707;12579
4708;14243
4709;9211
4710;41705
4711;3228
4712;3684
4713;6832
4714;5518
4715;16897
4716;4693
4717;2466
4718;3088
4719;6766
4720;9903
4721;1490
4722;2267
4723;2521
4724;7213
4725;1602
4726;3824
4727;2731
4728;13269
4729;8121
4730;2840
4731;59561
4732;1765
4733;12457
4734;4732
4735;2718
4736;2331
4737;2991
4738;33547
4739;1992
4740;3410
4741;15556
4742;2520
4743;38222
4744;2958
4745;4380
4746;1967
4747;42490
4748;23047
4749;26039
4750;932
4751;8350
4752;2724
4753;2978
4754;107368
4755;3171
4756;6807
4757;4780
4758;6697
4759;3291
4760;2846
4761;15594
4762;5924
4763;51292
4764;83352
4765;34669
4766;3646
4767;2310
4768;2750
4769;73758
4770;6651
4771;2256
4772;4680
4773;13728
4774;31352
4775;1709
4776;10181
4777;6569
4778;2389
4779;4252
4780;31675
4781;35794
4782;2851
4783;5447
4784;8339
4785;1619
4786;16158
4787;15729
4788;8304
4789;36864
4790;2036
4791;4378
4792;285564
4793;1478
4794;98331
4795;26199
4796;7393
4797;4967
4798;3019
4799;19446
4800;6894
4801;4712
4802;4393
4803;4690
4804;7267
4805;3988
4806;20474
4807;37754
4808;84041
4809;4054
4810;23721
4811;3103
4812;6054
4813;2207
4814;6736
4815;1871
4816;7046
4817;5573
4818;3456
4819;2037
4820;37363
4821;2377
4822;3143
4823;1854
4824;25068
4825;3738
4826;2718
4827;3532
4828;26327
4829;10684
4830;3611
4831;3472
4832;8571
4833;19159
4834;2939
4835;6469
4836;1604
4837;27751
4838;86005
4839;2569
4840;7410
4841;5087
4842;6193
4843;1724
4844;5411
4845;4539
4846;2965
4847;7315
4848;6747
4849;2713
4850;45523
4851;4239
4852;3892
4853;1987
4854;3981
4855;4760
4856;2543
4857;4627
4858;1611
4859;4254
4860;8130
4861;4899
4862;1430
4863;3237
4864;2514
4865;66157
4866;3139
4867;2891
4868;6609
4869;6570
4870;12888
4871;4967
4872;3184
4873;1901
4874;17886
4875;1667
4876;11574
4877;3698
4878;4890
4879;10089
4880;1731
4881;3345
4882;2677
4883;5465
4884;22147
4885;2563
4886;6519
4887;21717
4888;28021
4889;2195
4890;3743
4891;30482
4892;4246
4893;247303
4894;3191
4895;2189
4896;1705
4897;4185
4898;46815
4899;3731
4900;11342
4901;32967
4902;7056
4903;44583
4904;8995
4905;7793
4906;7635
4907;3885
4908;59419
4909;5790
4910;6612
4911;206103
4912;2303
4913;8541
4914;1928
4915;7683
4916;3840
4917;343826
4918;5780
4919;2581
4920;1896
4921;4309
4922;4926
4923;12122
4924;3068
4925;2205
4926;20743
4927;9957
4928;2105
4929;3898
4930;1501
4931;38081
4932;1492530
4933;4514
4934;2332
4935;1258
4936;10144
4937;1586
4938;2972
4939;6235
4940;1929
4941;3861
4942;22531
4943;1860
4944;2793
4945;3810
4946;11782
4947;2068
4948;15702
4949;2571
4950;212881
4951;38257
4952;4698
4953;11556
4954;5868
4955;2270
4956;21591
4957;10633
4958;5033
4959;6750
4960;39210
4961;2601
4962;2596
4963;12512
4964;2734
4965;7975
4966;16382
4967;7813
4968;1630
4969;6755
4970;132271
4971;285159
4972;6382
4973;2593
4974;8037
4975;75647
4976;73882
4977;1722
4978;29298
4979;49298
4980;77544
4981;2118
4982;43397
4983;9930
4984;2018
4985;13813
4986;14177
4987;2287
4988;59768
4989;3091
4990;18081
4991;21871
4992;62187
4993;24569
4994;4625
4995;2535
4996;2808
4997;2491
4998;1917
4999;4924
5000;2040
5001;27866
5002;6911
5003;2464
5004;3559
5005;240378
5006;43501
5007;33124
5008;21756
5009;5336
5010;3228
5011;7692
5012;5153
5013;5654
5014;3881
5015;2025
5016;2950
5017;16100
5018;26161
5019;23492
5020;3220
5021;2248
5022;2732
5023;2288
5024;8742
5025;80514
5026;142508
5027;25024
5028;10678
5029;2875
5030;7465
5031;5114
5032;2761
5033;5635
5034;18074
5035;1889
5036;5220
5037;6586
5038;1931
5039;3607
5040;2365
5041;10152
5042;15041
5043;31067
5044;4816
5045;24973
5046;10569
5047;17363
5048;57740
5049;26907
5050;3081
5051;5484
5052;13385
5053;11323
5054;34275
5055;3078
5056;5532
5057;2753
5058;39381
5059;53507
5060;2331
5061;2620
5062;11174
5063;28948
5064;23846
5065;2643
5066;4232
5067;23799
5068;5781
5069;30159
5070;5612
5071;4585
5072;1447
5073;24182
5074;5019
5075;7730
5076;3408
5077;1952
5078;1084
5079;2306
5080;126766
5081;66916
5082;3531
5083;11873
5084;6046
5085;2130
5086;72373
5087;27325
5088;26813
5089;1776
5090;4628
5091;257330
5092;4530
5093;2840
5094;3407
5095;2070
5096;4368
5097;4274
5098;2726
5099;1553
5100;2858
5101;3052
5102;3046
5103;17126
5104;16025
5105;5489
5106;40247
5107;25336
5108;9116
5109;11081
5110;9082
5111;26386
5112;48184
5113;12511
5114;7281
5115;23620
5116;11368
5117;24842
5118;7802
5119;22401
5120;11835
5121;31005
5122;13675
5123;916001
5124;6247
5125;22063
5126;26499
5127;6158
5128;15449
5129;112669
5130;21456
5131;33547
5132;13043
5133;11547
5134;6025
5135;227990
5136;12447
5137;19152
5138;3066
5139;9934
5140;9754
5141;16273
5142;7566
5143;25478
5144;21604
5145;23277
5146;9372
5147;7342
5148;26375
5149;4015
5150;6861
5151;24040
5152;7496
5153;48944
5154;28423
5155;18578
5156;56484
5157;13794
5158;22967
5159;56057
5160;3556
5161;5751
5162;42401
5163;14576
5164;7568
5165;95320
5166;17460
5167;25310
5168;38844
5169;4758
5170;20025
5171;5120
5172;7948
5173;27660
5174;10751
5175;6555
5176;60792
5177;20158
5178;11795
5179;3588
5180;22721
5181;125137
5182;6115
5183;5309
5184;26679
5185;52105
5186;19714
5187;7092
5188;12323
5189;11587
5190;11413
5191;10431
5192;3064
5193;909
5194;17078
5195;9399
5196;23067
5197;8165
5198;35642
5199;61702
5200;6830
5201;20571
5202;95339
5203;16223
5204;36917
5205;44033
5206;7245
5207;4711
5208;22101
5209;10094
5210;8782
5211;22521
5212;12338
5213;5716
5214;33855
5215;41117
5216;21249
5217;32076
5218;4163
5219;20717
5220;623614
5221;5267
5222;9626
5223;22311
5224;8087
5225;14847
5226;3411
5227;7913
5228;5726
5229;2990
5230;36439
5231;15740
5232;2806
5233;8182
5234;7030
5235;3609
5236;13727
5237;27696
5238;8420
5239;8377
5240;35275
5241;41190
5242;16811
5243;11124
5244;6246
5245;69671
5246;2036
5247;16412
5248;10107
5249;17017
5250;28135
5251;15332
5252;5858
5253;13093
5254;16052
5255;4013
5256;6861
5257;3755
5258;3656
5259;12876
5260;48222
5261;20820
5262;12492
5263;21695
5264;9545
5265;4069
5266;4837
5267;11291
5268;23250
5269;2769
5270;17547
5271;35695
5272;2637
5273;33386
5274;6972
5275;1525
5276;46105
5277;12849
5278;5344
5279;12176
5280;2794
5281;15936
5282;63876
5283;18386
5284;18788
5285;2754
5286;10450
5287;2439
5288;5147
5289;4600
5290;3164
5291;4102
5292;21351
5293;5646
5294;4823
5295;4069
5296;239613
5297;16999
5298;2700
5299;3226
5300;3602
5301;8547
5302;5459
5303;17188
5304;11934
5305;27485
5306;1705
5307;148960
5308;94941
5309;9357
5310;107631
5311;14380
5312;9284
5313;3761
5314;3487
5315;3455
5316;3124
5317;290383
5318;11731
5319;26946
5320;4407
5321;3332
5322;9056
5323;9375
5324;9158
5325;20873
5326;22710
5327;2515
5328;5843
5329;1809
5330;222850
5331;28360
5332;1976
5333;6796
5334;7751
5335;8749
5336;3875
5337;6220
5338;3011
5339;396526
5340;1171
5341;22113
5342;601844
5343;2474
5344;4266
5345;3450
5346;20410
5347;10680
5348;7795
5349;2462
5350;10340
5351;3000
5352;2401
5353;5418
5354;11643
5355;31004
5356;8912
5357;26069
5358;10120
5359;4579
5360;3812
5361;5815
5362;9515
5363;2464
5364;3272
5365;8098
5366;12843
5367;1336
5368;7997
5369;16525
5370;19304
5371;95183
5372;3900
5373;3662
5374;3628
5375;12880
5376;7884
5377;8087
5378;20124
5379;1526
5380;10299
5381;3380
5382;113091
5383;5132
5384;9740
5385;22407
5386;8794
5387;10797
5388;74370
5389;20771
5390;3339
5391;2254
5392;11223
5393;10012
5394;61385
5395;2962
5396;17136
5397;3458
5398;2820
5399;3302
5400;2944
5401;2094
5402;2477
5403;7174
5404;3678
5405;12559
5406;3253
5407;6527
5408;5471
5409;13604
5410;17415
5411;125705
5412;4098
5413;3923
5414;4701
5415;11217
5416;5650
5417;72045
5418;1555626
5419;46278
5420;22122
5421;34307
5422;6076
5423;14206
5424;1905
5425;3801
5426;1681
5427;3742
5428;22533
5429;3450
5430;14215
5431;6275
5432;15962
5433;53655
5434;27365
5435;2892
5436;31471
5437;2772
5438;44329
5439;4684
5440;5184
5441;4412
5442;23850
5443;4380
5444;25597
5445;7337
5446;8968
5447;106845
5448;2295
5449;6001
5450;52160
5451;103221
5452;2843
5453;2497
5454;7417
5455;18266
5456;1652
5457;7663
5458;214645
5459;2358
5460;9277
5461;9234
5462;2263
5463;4321
5464;14568
5465;2575
5466;28518
5467;69477
5468;1471
5469;8759
5470;8037
5471;13935
5472;4538
5473;46955
5474;2217
5475;4120
5476;16077
5477;4540
5478;3749
5479;9375
5480;30931
5481;47064
5482;2362
5483;2236
5484;13020
5485;8063
5486;2939
5487;3208
5488;10193
5489;2775
5490;119649
5491;4592
5492;15834
5493;3679
5494;6895
5495;35011
5496;3470
5497;29915
5498;2382
5499;3578
5500;2590
5501;10221
5502;10988
5503;3156
5504;10240
5505;2135
5506;24543
5507;10161
5508;25218
5509;31909
5510;91345
5511;17899
5512;45866
5513;3979
5514;4032
5515;37924
5516;3211
5517;51323
5518;10961
5519;4832
5520;4728
5521;247259
5522;20012
5523;7630
5524;6701
5525;2782
5526;5585
5527;38962
5528;3821
5529;9110
5530;3367
5531;2200
5532;3207
5533;8386
5534;4886
5535;6593
5536;76871
5537;13305
5538;6265
5539;14423
5540;1312
5541;34488
5542;5263
5543;21849
5544;4105
5545;2040
5546;21318
5547;121447
5548;8737
5549;20938
5550;6895
5551;3040
5552;3506
5553;3538
5554;8326
5555;2830
5556;132006
5557;3497
5558;4526
5559;5447
5560;2829
5561;41150
5562;13795
5563;3056
5564;175720
5565;3848
5566;14088
5567;9002
5568;6451
5569;5941
5570;3094325